CODMAG,CODART,Descrizione_Articolo,Saldo_Disponibile
1    ,005.010150          ,PUNTA CIL. DIN 338 HSS-CO 8% MM.1.50    ,-6.000
1    ,005.010200          ,PUNTA CIL. DIN 338 HSS-CO 8% MM.2       ,-12.000
1    ,005.010250          ,PUNTA CIL. DIN 338 HSS-CO 8% MM.2.50    ,1.000
1    ,005.010350          ,PUNTA CIL. DIN 338 HSS-CO 8% MM.3.50    ,-1.000
1    ,005.010450          ,PUNTA CIL. DIN 338 HSS-CO 8% MM.4.50    ,-8.000
1    ,005.010700          ,PUNTA CIL. DIN 338 HSS-CO 8% MM.7       ,-1.000
1    ,005.010750          ,PUNTA CIL. DIN 338 HSS-CO 8% MM.7.50    ,-1.000
1    ,005.010950          ,PUNTA CIL. DIN 338 HSS-CO 8% MM.9.50    ,-5.000
1    ,007.021400          ,PUNTA COD.RID.DIN 338 HSS RETT. MM14    ,-1.000
1    ,007.021900          ,PUNTA COD.RID.DIN 338 HSS RETT. MM19    ,-1.000
1    ,007.070300          ,PUNTA LUNGA DIN 340 HSS RETT. MM.3      ,-2.000
1    ,007.070350          ,PUNTA LUNGA DIN 340 HSS RETT. MM.3.50   ,-2.000
1    ,007.070450          ,PUNTA LUNGA DIN 340 HSS RETT. MM.4.50   ,-10.000
1    ,007.290150          ,PUNTA CIL. DIN 338 HSS RETTIFIC. MM.1.50,-1.000
1    ,007.290300          ,PUNTA CIL.DIN 338 HSS RETTIFIC.MM.3     ,-5.000
1    ,007.290400          ,PUNTA CIL.DIN 338 HSS RETTIFIC.MM.4     ,-5.000
1    ,007.290550          ,PUNTA CIL.DIN 338 HSS RETTIFIC.MM.5.50  ,-10.000
1    ,007.290600          ,PUNTA CIL.DIN 338 HSS RETTIFIC.MM.6     ,-6.000
1    ,007.290650          ,PUNTA CIL.DIN 338 HSS RETTIFIC.MM.6.50  ,-7.000
1    ,007.290700          ,PUNTA CIL.DIN 338 HSS RETTIFIC.MM.7     ,-2.000
1    ,007.290800          ,PUNTA CIL.DIN 338 HSS RETTIFIC.MM.8     ,-4.000
1    ,007.291000          ,PUNTA CIL.DIN 338 HSS RETTIFIC.MM.10    ,-2.000
1    ,007.291050          ,PUNTA CIL.DIN 338 HSS RETTIFIC.MM.10.50 ,-5.000
1    ,007.291100          ,PUNTA CIL.DIN 338 HSS RETTIFIC.MM.11    ,-5.000
1    ,007.291150          ,PUNTA CIL. DIN 338 HSS RETTIFIC.MM.11.50,-4.000
1    ,008.680802          ,RINVIO ANGOLARE 90째 ATT. 1/4            ,-1.000
1    ,008.69PH2           ,INSERTO X AVVITATORE L 50 PH2           ,-1.000
1    ,008.73T3050         ,INSERTO X AVVITATORE L 50 TORX T 30     ,-5.000
1    ,008.73T4050         ,INSERTO X AVVITATORE L 50 TORX T 40     ,-2.000
1    ,008.78CH1050        ,INSERTO MAGNET. CHIAVE ESAGON. CH10 L50 ,-2.000
1    ,008.78CH1350        ,INSERTO MAGNET. CHIAVE ESAGON. CH13 L 50,-1.000
1    ,01.086.05           ,C P.12X6 H.100 L.60                     ,-5.000
1    ,013.260600X100      ,PUNTA BLUE FORCE mm 6X100               ,-1.000
1    ,013.260600X150      ,PUNTA BLUE FORCE mm 6X150               ,-1.000
1    ,013.260800X120      ,PUNTA BLUE FORCE mm 8X120               ,-1.000
1    ,023A                ,CHIAVE MASCHIO PER TAVELLINO 23/A       ,-1.000
1    ,023P                ,TAVELLINO QUADRO FEMMINA PICCOLO        ,-1.000
1    ,03561201            ,DADO CIECO ALTO ZINCATO MM.12           ,-10.000
1    ,042.012400          ,FRESA CAROTATRICE CORTA HSS+T.D. MM.24  ,-1.000
1    ,042124              ,GHIERA CIL SAG PERSIANE                 ,-1.000
1    ,08.115              ,FORATA TONDO 14 INT.125 GREZZA          ,-5.000
1    ,10000088150002      ,HAPPY COLOR BIANCO LUCIDO EXTRA         ,-2.000
1    ,10000088150004      ,HAPPY COLOR NERO LUCIDO RAL9005 ST      ,-2.000
1    ,10000088150071      ,HAPPY COLOR T/M CIOCCOLATO RAL8017      ,-1.000
1    ,1015400             ,ZINC 98  400ML CAMP                     ,-26.000
1    ,102000FEZG40300     ,FASCIA PS60 ESPANSIVA C/GOC. MT.3.00 ZNC,-3.000
1    ,102003503535020     ,U LAMINATO ZNC 35X35X35X2               ,-120.000
1    ,102004502330012     ,U LAMINATO ZNC 45X23X30 SP.12/10 ZOPPO  ,-5.000
1    ,102008060X40F08     ,TAPPO X INFISSI IN PVC 60X40 F.08 PL1926,-10.000
1    ,10200PA60NA600Z     ,PROFILO N/ASOLATO PS60 MT.6 SP.20/10 ZNC,-5.000
1    ,10200PGF000600Z     ,PROFILO TELAIO PGF MT6.00 ZNC BOM PSGS  ,-2.000
1    ,10200PS60AS165Z     ,ASOLATO PS60 MT.1.65 ZNC                ,-3.000
1    ,10200PS60AS250Z     ,ASOLATO PS60 MT.2.50 ZNC                ,-10.000
1    ,10200PS60NA600Z     ,PROFILO N/ASOLATO PS60 MT.6 SP.15/10 ZNC,-36.000
1    ,10200PSL000600Z     ,PROFILO TELAIO PSL50  MT.6.00 ZNC       ,-38.000
1    ,102Z04504545020     ,U LAMINATO ZNC 45X45X45X2               ,-288.000
1    ,102Z05010005030     ,U LAMINATO ZNC 50X100X50x3              ,-108.000
1    ,103000002090004     ,LAM.ONDULATA ZNC 0.900X2.000 SP 0.25    ,-40.500
1    ,103896              ,ENI I-SINT PROFESSIONAL 10W40 1LT       ,-2.000
1    ,103BG06             ,LAMIERA PIANA PREV. 1250X3000 SP.6/10 BG,-18.000
1    ,103K2000BGBGCM3     ,PARETE ISOBOX BG/BG CM.3                ,-126.000
1    ,103K2000BGBGCM4     ,PARETE ISOBOX BG/BG CM.4                ,-105.250
1    ,103K200CBGBGCM04    ,EUROCINQUE X COPERTURA BG/BG CM.4       ,-75.450
1    ,103K200CRSBGCM04    ,EUROCINQUE X COPERTURA RS/BG CM.4       ,-166.200
1    ,103K200CTMBGCM04    ,EUROCINQUE X COPERTURA TM/BG CM.4       ,-36.000
1    ,103KLAMIERCOPPO     ,LAMIERINO TTCOPPO ACC ROSSO COPPO ML6.50,-27.120
1    ,103KLAMIERCOPPO405  ,LAMIERINO TTCOPPO ACC ROSSO COPPO ML4.05,-4.212
1    ,104000KP11/00102ML5 ,GRECATA COMP TEGOLUX 1050 SP.1 CRIST ML5,-105.000
1    ,104000KP11/00102ML7 ,GRECATA COMP TEGOLUX 1050 SP.1 CRIST ML7,-73.500
1    ,104000KP11/00102ML8 ,GRECATA COMP TEGOLUX 1050 SP.1 CRIST ML8,-94.500
1    ,1040100021.3020     ,TUBO TONDO 21.3X2.0 1/2  S235JRH        ,-72.000
1    ,1040100021.3025     ,TUBO TONDO 21.3X2.5  S235JRH            ,-72.000
1    ,1040100026.9020     ,TUBO TONDO 26.9X2.0 3/4  S235JRH        ,-246.000
1    ,1040100026.9030     ,TUBO TONDO 26.9X3.0  S235JRH            ,-42.000
1    ,1040100042.4020     ,TUBO TONDO 42.4X2.0  S235JRH            ,18.000
1    ,1040100042.4030     ,"TUBO TONDO 42.4X3.0 1"" 1/4  S235JRH     ",-78.000
1    ,1040100048.0030     ,TUBO TONDO 48X3 S235JRH                 ,48.000
1    ,1040100048.3030     ,"TUBO TONDO 48.3X3.0 1 1/2"" S235JRH      ",-114.000
1    ,1040100060.0030     ,TUBO TONDO 60X3.00  S235JRH             ,-18.000
1    ,1040100060.3020     ,TUBO TONDO 60.3X2.0  S235JRH            ,-90.000
1    ,1040100080.0020     ,TUBO TONDO 80X2.0  S235JRH              ,48.000
1    ,104010015010015     ,TUBOLARE RETT. NERO 15X10X1.5  S235JRH  ,-48.000
1    ,104010015015015     ,TUBOLARE QUADRO NERO 15X15X1.5  S235JRH ,-192.000
1    ,104010015015020     ,TUBOLARE QUADRO NERO 15X15X2.0  S235JRH ,-84.000
1    ,104010020020020     ,TUBOLARE QUADRO NERO 20X20X2.0  S235JRH ,-96.000
1    ,104010020020030     ,TUBOLARE QUADRO NERO 20X20X3.0  S235JRH ,-204.000
1    ,104010025025020     ,TUBOLARE QUADRO NERO 25X25X2.0  S235JRH ,-12.000
1    ,104010025025030     ,TUBOLARE QUADRO NERO 25X25X3.0  S235JRH ,-180.000
1    ,104010030010020     ,TUBOLARE RETT. NERO 30X10X2.0  S235JRH  ,-12.000
1    ,104010030015015     ,TUBOLARE RETT. NERO 30X15X1.5  S235JRH  ,-180.000
1    ,104010030020020     ,TUBOLARE RETT. NERO 30X20X2.0  S235JRH  ,-36.000
1    ,104010030030015     ,TUBOLARE QUADRO NERO 30X30X1.5  S235JRH ,-12.000
1    ,104010030030020     ,TUBOLARE QUADRO NERO 30X30X2.0  S235JRH ,-174.000
1    ,104010030030030     ,TUBOLARE QUADRO NERO 30X30X3.0  S235JRH ,-72.000
1    ,104010035020020     ,TUBOLARE RETT. NERO 35X20X2.0  S235JRH  ,-88.000
1    ,104010035035030     ,TUBOLARE QUADRO NERO 35X35X3.0  S235JRH ,-60.000
1    ,104010040020020     ,TUBOLARE RETT. NERO 40X20X2.0  S235JRH  ,-108.000
1    ,104010040020030     ,TUBOLARE RETT. NERO 40X20X3.0  S235JRH  ,30.000
1    ,104010040030020     ,TUBOLARE RETT. NERO 40X30X2.0  S235JRH  ,-66.000
1    ,104010040030030     ,TUBOLARE RETT. NERO 40X30X3.0  S235JRH  ,-6.000
1    ,104010040040020     ,TUBOLARE QUADRO NERO 40X40X2.0  S235JRH ,-114.000
1    ,104010040040030     ,TUBOLARE QUADRO NERO 40X40X3.0  S235JRH ,-138.000
1    ,104010050020020     ,TUBOLARE RETT. NERO 50X20X2.0  S235JRH  ,-486.000
1    ,104010050020030     ,TUBOLARE RETT. NERO 50X20X3.0  S235JRH  ,-66.000
1    ,104010050025030     ,TUBOLARE RETT. NERO 50X25X3.0  S235JRH  ,-60.000
1    ,104010050030020     ,TUBOLARE RETT. NERO 50X30X2.0  S235JRH  ,-222.000
1    ,104010050030030     ,TUBOLARE RETT. NERO 50X30X3.0  S235JRH  ,-64.000
1    ,104010050040020     ,TUBOLARE RETT. NERO 50X40X2.0  S235JRH  ,-34.000
1    ,104010050040030     ,TUBOLARE RETT. NERO 50X40X3.0  S235JRH  ,-140.000
1    ,104010050050020     ,TUBOLARE QUADRO NERO 50X50X2.0  S235JRH ,-186.000
1    ,104010050050030     ,TUBOLARE QUADRO NERO 50X50X3.0  S235JRH ,-288.000
1    ,104010050050030-999 ,TUBOLARE QUADRO NERO 50X50X3.0 ML 7.150 ,60.000
1    ,104010060020020     ,TUBOLARE RETT. NERO 60X20X2.0  S235JRH  ,-60.000
1    ,104010060020030     ,TUBOLARE RETT. NERO 60X20X3.0  S235JRH  ,-12.000
1    ,104010060030020     ,TUBOLARE RETT. NERO 60X30X2.0  S235JRH  ,-30.000
1    ,104010060040020     ,TUBOLARE RETT. NERO 60X40X2.0  S235JRH  ,-12.000
1    ,104010060040030     ,TUBOLARE RETT. NERO 60X40X3.0  S235JRH  ,-30.000
1    ,104010060060020     ,TUBOLARE QUADRO NERO 60X60X2.0  S235JRH ,-36.000
1    ,104010060060030     ,TUBOLARE QUADRO NERO 60X60X3.0  S235JRH ,-120.000
1    ,104010060060040     ,TUBOLARE QUADRO NERO 60X60X4.0  S235JRH ,-12.000
1    ,104010060060050     ,TUBOLARE QUADRO NERO 60X60X5.0  S235JRH ,-24.000
1    ,104010070030030     ,TUBOLARE RETT. NERO 70X30X3.0  S235JRH  ,-480.000
1    ,104010070070020     ,TUBOLARE QUADRO NERO 70X70X2.0  S235JRH ,-30.000
1    ,104010070070030     ,TUBOLARE QUADRO NERO 70X70X3.0  S235JRH ,-60.000
1    ,104010080020020     ,TUBOLARE RETT. NERO 80X20X2.0  S235JRH  ,-30.000
1    ,104010080020030     ,TUBOLARE RETT. NERO 80X20X3.0  S235JRH  ,-12.000
1    ,104010080030020     ,TUBOLARE RETT. NERO 80X30X2.0  S235JRH  ,-36.000
1    ,104010080030030     ,TUBOLARE RETT. NERO 80X30X3.0  S235JRH  ,-18.000
1    ,104010080040030     ,TUBOLARE RETT. NERO 80X40X3.0  S235JRH  ,-210.000
1    ,104010080080020     ,TUBOLARE QUADRO NERO 80X80X2.0  S235JRH ,-48.000
1    ,104010080080030     ,TUBOLARE QUADRO NERO 80X80X3.0  S235JRH ,-30.000
1    ,104010100020020     ,TUBOLARE RETT. NERO 100X20X2.0  S235JRH ,-120.000
1    ,104010100020030     ,TUBOLARE RETT. NERO 100X20X3.0  S235JRH ,-30.000
1    ,104010100030020     ,TUBOLARE RETT. NERO 100X30X2.0  S235JRH ,-6.000
1    ,104010100040020     ,TUBOLARE RETT. NERO 100X40X2.0  S235JRH ,-42.000
1    ,104010100050020     ,TUBOLARE RETT. NERO 100X50X2.0  S235JRH ,-12.000
1    ,104010100050030     ,TUBOLARE RETT. NERO 100X50X3.0  S235JRH ,-78.000
1    ,104010100100020     ,TUBOLARE QUADRO NERO 100X100X2.0  S235JR,-144.000
1    ,104010100100030     ,TUBOLARE QUADRO NERO 100X100X3.0  S235JR,-108.000
1    ,104010100100050     ,TUBOLARE QUADRO NERO 100X100X5.0  S235JR,-6.000
1    ,104010100100050S355 ,TUBOLARE QUADRO NERO 100X100X5.0  S355  ,-12.000
1    ,104010120040020     ,TUBOLARE RETT. NERO 120X40X2.0  S235JRH ,-30.000
1    ,104010120040030     ,TUBOLARE RETT. NERO 120X40X3.0  S235JRH ,-12.000
1    ,104010150030030     ,TUBOLARE RETT. NERO 150X30X3.0  S235JRH ,-18.000
1    ,104010150050030     ,TUBOLARE RETT. NERO 150X50X3.0  S235JRH ,-24.000
1    ,104020120120030     ,TUBOLARE QUADRO NERO 120X120X3.0  S235JR,-102.000
1    ,104020150100030     ,TUBOLARE RETT. NERO 150X100X3.0 S235JRH ,-18.000
1    ,104020200100030     ,TUBOLARE RETT. NERO 200X100X3.0 S235JRH ,-102.000
1    ,1040D0000011A15     ,TUBO SERRAMENTO DECAPATO 11AX1.5 (LS28) ,-60.000
1    ,1040D0001001015     ,TUBOLARE QUADRO DECAPATO 10X10X1.5      ,-36.000
1    ,1040D0003503515     ,TUBOLARE QUADRO DECAPATO 35X35X1.5      ,-72.000
1    ,1040D00050.0015     ,TUBO TONDO DECAPATO 50X1.5              ,-6.000
1    ,1040Z000001A015     ,TUBO SERRAMENTO ZNC. 1AX1.5 (LS38)      ,-12.000
1    ,1040Z000001B015     ,TUBO SERRAMENTO ZNC. 1BX1.5 (TS38)      ,-12.000
1    ,1040Z000001C015     ,TUBO SERRAMENTO ZNC. 1CX1.5 (ZS38)      ,-120.000
1    ,1040Z000011A015     ,TUBO SERRAMENTO ZNC. 11AX1.5 (LS28)     ,-120.000
1    ,1040Z000016A015     ,TUBO SERRAMENTO ZNC. 16AX1.5 (LB50)     ,-6.000
1    ,1040Z000016Z015     ,TUBO SERRAMENTO ZNC. 16ZX1.5 (ZB50)     ,-6.000
1    ,1040Z0001501515     ,TUBOLARE QUADRO ZNC.  15X15X1.5         ,-90.000
1    ,1040Z0001501520     ,TUBOLARE QUADRO ZNC. 15X15X2            ,-168.000
1    ,1040Z00016.0015     ,TUBO TONDO ZNC. 16X1.5                  ,-300.000
1    ,1040Z000200102      ,TUBOLARE RETTANGOLARE ZNC. 20X10X2      ,-612.000
1    ,1040Z0002001502     ,TUBOLARE RETTANGOLARE ZNC. 20X15X2.0    ,-48.000
1    ,1040Z0002002015     ,TUBOLARE QUADRO ZNC.  20X20X1.5         ,-276.000
1    ,1040Z0002002020     ,TUBOLARE QUADRO ZNC.  20X20X2           ,-180.000
1    ,1040Z0002501515     ,TUBOLARE RETTANGOLARE ZNC. 25X15X1.5    ,-180.000
1    ,1040Z0002502520     ,TUBOLARE QUADRO ZNC.  25X25X2           ,-54.000
1    ,1040Z0002502530     ,TUBOLARE QUADRO ZNC.  25X25X3           ,-1.000
1    ,1040Z00026.9020     ,TUBO TONDO ZNC. 26.9X2  3/4             ,-42.000
1    ,1040Z00027.0003     ,TUBO TONDO ZNC. 26.9X3                  ,-30.000
1    ,1040Z0003001520     ,TUBOLARE RETTANGOLARE ZNC. 30X15X2.0    ,-12.000
1    ,1040Z0003002020     ,TUBOLARE RETTANGOLARE ZNC. 30X20X2      ,-792.000
1    ,1040Z0003002030     ,TUBOLARE RETTANGOLARE ZNC. 30X20X3      ,-6.000
1    ,1040Z0003003020     ,TUBOLARE QUADRO ZNC.  30X30X2           ,-78.000
1    ,1040Z0003003030     ,TUBOLARE QUADRO ZNC.  30X30X3           ,-60.000
1    ,1040Z00033.7020     ,TUBO TONDO ZNC. 33.7X2                  ,-420.000
1    ,1040Z0003501520     ,TUBOLARE RETTANGOLARE ZNC. 35X15X2      ,-48.000
1    ,1040Z0003503520     ,TUBOLARE QUADRO ZNC.  35X35X2           ,-300.000
1    ,1040Z0004001015     ,TUBOLARE RETTANGOLARE ZNC. 40X10X1.5    ,-120.000
1    ,1040Z0004001515     ,TUBOLARE RETTANGOLARE ZNC. 40X15X1.5    ,-42.000
1    ,1040Z0004001520     ,TUBOLARE RETTANGOLARE ZNC. 40X15X2.0    ,-42.000
1    ,1040Z0004002015     ,TUBOLARE RETTANGOLARE ZNC. 40X20X1.5    ,-180.000
1    ,1040Z0004002020     ,TUBOLARE RETTANGOLARE ZNC. 40X20X2      ,-732.000
1    ,1040Z0004002515     ,TUBOLARE RETTANGOLARE ZNC. 40X25X1.5    ,-12.000
1    ,1040Z0004002520     ,TUBOLARE RETTANGOLARE ZNC. 40X25X2      ,-192.000
1    ,1040Z0004003015     ,TUBOLARE RETTANGOLARE ZNC. 40X30X1.5    ,-96.000
1    ,1040Z0004003020     ,TUBOLARE RETTANGOLARE ZNC. 40X30X2      ,-156.000
1    ,1040Z0004004020     ,TUBOLARE QUADRO ZNC.  40X40X2           ,-366.000
1    ,1040Z0004004030     ,TUBOLARE QUADRO ZNC.  40X40X3           ,-132.000
1    ,1040Z00042.4020     ,TUBO TONDO ZNC. 42.4X2                  ,60.000
1    ,1040Z00042.4030     ,"TUBO TONDO ZNC. 42.4X3  1 1/4""          ",-6.000
1    ,1040Z00048.0020     ,TUBO TONDO ZNC. 48X2                    ,-24.000
1    ,1040Z00048.0030     ,TUBO TONDO ZNC. 48X3                    ,0.000
1    ,1040Z0005001015     ,TUBOLARE RETTANGOLARE ZNC. 50X10X1.5    ,-240.000
1    ,1040Z0005001020     ,TUBOLARE RETTANGOLARE ZNC. 50X10X2      ,-18.000
1    ,1040Z0005002020     ,TUBOLARE RETTANGOLARE ZNC. 50X20X2      ,-6.000
1    ,1040Z0005002030     ,TUBOLARE RETTANGOLARE ZNC. 50X20X3      ,-36.000
1    ,1040Z0005002520     ,TUBOLARE RETTANGOLARE ZNC. 50X25X2      ,-60.000
1    ,1040Z0005003020     ,TUBOLARE RETTANGOLARE ZNC. 50X30X2      ,-162.000
1    ,1040Z0005004020     ,TUBOLARE RETTANGOLARE ZNC. 50X40X2      ,-72.000
1    ,1040Z0005004030     ,TUBOLARE RETTANGOLARE ZNC. 50X40X3      ,-120.000
1    ,1040Z0005005020     ,TUBOLARE QUADRO ZNC.  50X50X2           ,-90.000
1    ,1040Z0005005030     ,TUBOLARE QUADRO ZNC.  50X50X3           ,-12.000
1    ,1040Z0006001020     ,TUBOLARE RETTANGOLARE ZNC. 60X10X2      ,-6.000
1    ,1040Z0006002020     ,TUBOLARE RETTANGOLARE ZNC. 60X20X2      ,-228.000
1    ,1040Z0006003020     ,TUBOLARE RETTANGOLARE ZNC. 60X30X2      ,-6.000
1    ,1040Z0006003030     ,TUBOLARE RETTANGOLARE ZNC. 60X30X3      ,-180.000
1    ,1040Z0006004020     ,TUBOLARE RETTANGOLARE ZNC. 60X40X2      ,-108.000
1    ,1040Z0006004030     ,TUBOLARE RETTANGOLARE ZNC. 60X40X3      ,-48.000
1    ,1040Z0006006020     ,TUBOLARE QUADRO ZNC.  60X60X2           ,-210.000
1    ,1040Z0007005020     ,TUBOLARE RETTANGOLARE ZNC. 70X50X2      ,-66.000
1    ,1040Z00076.1030     ,"TUBO TONDO ZNC. 76.1X3 2 1/2""           ",-6.000
1    ,1040Z0008002020     ,TUBOLARE RETTANGOLARE ZNC. 80X20X2      ,-30.000
1    ,1040Z0008003020     ,TUBOLARE RETTANGOLARE ZNC. 80X30X2      ,-18.000
1    ,1040Z0008004020     ,TUBOLARE RETTANGOLARE ZNC. 80X40X2      ,-78.000
1    ,1040Z0008005020     ,TUBOLARE RETTANGOLARE ZNC. 80X50X2      ,-144.000
1    ,1040Z0008005030     ,TUBOLARE RETTANGOLARE ZNC. 80X50X3      ,-66.000
1    ,1040Z0008008020     ,TUBOLARE QUADRO ZNC.  80X80X2           ,-42.000
1    ,1040Z0008008030     ,TUBOLARE QUADRO ZNC.  80X80X3           ,-120.000
1    ,1040Z000SF1B015     ,TUBO SERRAMENTO ZNC. SF1BX1.5 (LS50)    ,-30.000
1    ,1040Z000SF2B015     ,TUBO SERRAMENTO ZNC. SF2BX1.5 (TS50)    ,-30.000
1    ,1040Z0010002020     ,TUBOLARE RETTANGOLARE ZNC. 100X20X2     ,-90.000
1    ,1040Z0010003030     ,TUBOLARE RETTANGOLARE ZNC. 100X30X3     ,-6.000
1    ,1040Z0010004020     ,TUBOLARE RETTANGOLARE ZNC. 100X40X2     ,-72.000
1    ,1040Z0010004030     ,TUBOLARE RETTANGOLARE ZNC. 100X40X3     ,-78.000
1    ,1040Z0010005020     ,TUBOLARE RETTANGOLARE ZNC. 100X50X2     ,-54.000
1    ,1040Z0010005030     ,TUBOLARE RETTANGOLARE ZNC. 100X50X3     ,-30.000
1    ,1040Z0010006020     ,TUBOLARE RETTANGOLARE ZNC. 100X60X2     ,-48.000
1    ,1040Z0010010020     ,TUBOLARE QUADRO ZNC. 100X100X2          ,-48.000
1    ,1040Z0010010030     ,TUBOLARE QUADRO ZNC. 100X100X3          ,-36.000
1    ,1040Z00101.6030     ,"TUBO TONDO ZNC. 101.6X3  3 1/2""         ",-60.000
1    ,1040Z00114.3030     ,"TUBO TONDO ZNC. 114.3X3  4""             ",-6.000
1    ,1040Z0012003020     ,TUBOLARE RETTANGOLARE ZNC. 120X30X2     ,-18.000
1    ,1040Z0012004020     ,TUBOLARE RETTANGOLARE ZNC. 120X40X2     ,-90.000
1    ,1040Z0012004030     ,TUBOLARE RETTANGOLARE ZNC. 120X40X3     ,-12.000
1    ,1040Z0012005020     ,TUBOLARE RETTANGOLARE ZNC. 120X50X2     ,-126.000
1    ,1040Z0012006030     ,TUBOLARE RETTANGOLARE ZNC. 120X60X3     ,-84.000
1    ,1040Z0012008030     ,TUBOLARE RETTANGOLARE ZNC. 120X80X3     ,-6.000
1    ,1040Z0012012030     ,TUBOLARE QUADRO ZNC. 120X120X3          ,-12.000
1    ,1040Z0015003020     ,TUBOLARE RETTANGOLARE ZNC. 150X30X2     ,-156.000
1    ,1040Z0015005020     ,TUBOLARE RETTANGOLARE ZNC. 150X50X2     ,-30.000
1    ,1040Z0015005030     ,TUBOLARE RETTANGOLARE ZNC. 150X50X3     ,-174.000
1    ,1040Z0015015030     ,TUBOLARE QUADRO ZNC. 150X150X3          ,-84.000
1    ,1040Z27500601509    ,TUBO TONDO ZNC. 60X1.5 Z275 MM. 9000    ,-18.000
1    ,104K0000000TG040    ,TTCOPPO SP. MM 40 BG GRIGIO RAL 7016    ,-386.100
1    ,104K0000000TR040    ,TTCOPPO SP. MM 40 BG R/COPPO            ,-431.350
1    ,104K00000TR040RA    ,TTCOPPO SP. MM 40 BG R/ANTICATO         ,-85.750
1    ,10501P50X750200     ,RT RETE ELETTR. PLASTIF. 50X75 MT.2.00  ,-25.000
1    ,1058005             ,FLUID PRO M 5 LT CAMP                   ,-1.000
1    ,105FCZ000016027     ,FILO ZINCATO 2.7 N.16                   ,-3.000
1    ,105TFZ000000000     ,TENDIFILO ZINCATO                       ,-3.000
1    ,1095324             ,ASCIUGATUTTO TORK WIPING PLUS COMBI W1/2,-10.000
1    ,114E2S10            ,GUANTO FIORE BOVINO TG 10               ,-2.000
1    ,11B1030INOX         ,BULLONE INOX 10X30                      ,-98.000
1    ,11D10MMINOX         ,DADO INOX MM.10 GRIGLIATO               ,-98.000
1    ,12.059.01           ,MEZZO TONDO 30X08 ML.6.00               ,-8.900
1    ,12.085              ,CORRIMANO BOMB. 50X14 A ML.6000 SAGOMATO,-250.000
1    ,12.240              ,TUBOLARE SPIGOLATO 30X30 ML 6           ,-3.000
1    ,120234              ,CARTA IGIENICA TORK  10 RT              ,-1.000
1    ,13.080              ,LANCIA E PUNTE T.16 H.155X65            ,-22.000
1    ,13.135              ,"MEZZA BORCHIA H.39X40 F.T. 12,5         ",-100.000
1    ,13.241              ,SFERE PIENA DIAM. 20                    ,-100.000
1    ,13.242              ,SFERA PIENA DIAM. 25                    ,-20.000
1    ,1501622I2TM         ,DISCO 150X1.6X22 INOX GOLD IMA          ,-2.000
1    ,1IT14601992Z63132253,RECINZIONE T. 1460X1992 M.63X132 P.25X3 ,-4.000
1    ,1PQ14601992Z63132252,RECINZIONE Q1460X1992 M.63X132 P25X02 ZN,-5.000
1    ,1PQ17201992Z63132252,RECINZIONE Q1720X1992 M.63X132 P25X02 ZN,-17.000
1    ,2000060Z0000008     ,BARRA FILETTATA 4.8 ZNC. MM.08          ,-50.000
1    ,2000060Z0000012     ,BARRA FILETTATA 4.8 ZNC. MM.12          ,-32.000
1    ,2000060Z0000024     ,BARRA FILETTATA 4.8 ZNC. MM.24          ,-5.000
1    ,2000060Z0000121     ,BARRA FILETTATA 8.8 ZNC MM.12           ,-2.000
1    ,2000060Z0000141     ,BARRA FILETTATA 8.8 ZNC MM.14           ,-10.000
1    ,2000060Z0000161     ,BARRA FILETTATA 8.8 ZNC MM.16           ,-100.000
1    ,2000060Z0000241     ,BARRA FILETTATA 8.8 ZNC MM.24           ,-4.000
1    ,20001SIL3004BNC     ,SILICONE 3004 BIANCO ANTIMUF. 280ML     ,-11.000
1    ,20001ST54127001     ,OLIO SPRAY SVITANTE SUPERSBLOCCANTE ML.4,-1.000
1    ,20001ST8526001      ,PULITORE FOAM CLEANER SARATOGA 500ML    ,-3.000
1    ,20001ST85405002     ,SILICONE 3004 TRASPARENTE ANTIMUF.      ,-75.000
1    ,20002ST85408001     ,SILICONE ACRILICO BIANCO VERNIC. 280ML  ,-53.000
1    ,20003ST85414010     ,SILICONE USA NEUTRO GRIGIO 280ML        ,-5.000
1    ,20003ST85414012     ,SILICONE USA NEUTRO T/M 280ML           ,-3.000
1    ,20004ST85250001     ,SCHIUMARAPIDA MATIC 750ML               ,-12.000
1    ,20005ST19040001     ,RESINA FORTE PRESA POLIES. 400ML        ,-4.000
1    ,200094102           ,FERROGLIERA 72120/72140 MM 248X30       ,-1.000
1    ,2001TFFS0106050     ,RONDELLA NYLON TF  C/GUAR PER POLIC DA 6,-150.000
1    ,200256301           ,RONDELLA ACC. CON GUARN. VULCAN. D.25 P.,-50.000
1    ,2002BLL23031/2      ,2303/CS MEZZO CILINDRO CH. PIATTA CR/SAT,-1.000
1    ,200300CZ0000010     ,RONDELLA COMUN/ZNC D.10                 ,-200.000
1    ,200300CZ0000012     ,RONDELLA COMUN/ZNC D.12                 ,-900.000
1    ,200300CZ0000014     ,RONDELLA COMUN/ZNC D.14                 ,-600.000
1    ,200300CZ0000016     ,RONDELLA COMUN/ZNC D.16                 ,-300.000
1    ,200300CZ0000018     ,RONDELLA COMUN/ZNC D.18                 ,-250.000
1    ,200300CZ0000020     ,RONDELLA COMUN/ZNC D.20                 ,-250.000
1    ,200300CZ0000024     ,RONDELLA COMUN/ZNC D.24                 ,-15.000
1    ,200300GZ0000008     ,RONDELLA GREMB. ZNC D. 8X24             ,-100.000
1    ,200300GZ0000012     ,RONDELLA GREMB. ZNC D. 12X36            ,-70.000
1    ,200300GZ0000016     ,RONDELLA GREMB. ZNC D. 16X48            ,-150.000
1    ,2003IBFM0463042     ,RULLO GUIDA SUPERIORE DIAM.42 REGOL. 463,-4.000
1    ,2009TFAR0100010     ,DADO ESAG. ZNC DIN 934 Cl. 8 DA 10      ,-100.000
1    ,2009TFAR0100012     ,DADO ESAG. ZNC DIN 934 Cl. 8 DA 12      ,-290.000
1    ,2009TFAR0100014     ,DADO ESAG. ZNC DIN 934 Cl. 8 DA 14      ,-50.000
1    ,2009TFAR0100020     ,DADO ESAG. ZNC DIN 934 Cl. 8 DA 20      ,-295.000
1    ,2009TFAR0100024     ,DADO ESAG. ZNC DIN 934 Cl. 8 DA 24      ,-39.000
1    ,201000000750152     ,ISEO SERRATURA                          ,-2.000
1    ,201000000783353IFZ  ,ISEO SERRATURA                          ,-5.000
1    ,20100000661604N     ,ISEO SERRATURA S/MANDATA                ,-5.000
1    ,201000783351IFZ     ,ISEO SERRATURA                          ,-10.000
1    ,201000981901BFZ     ,ISEO 4 MANDATE                          ,-5.000
1    ,201000983901BFZ     ,ISEO SERRATURA                          ,-3.000
1    ,201Y00068080701     ,YALE C/MAND. 70 DX                      ,-2.000
1    ,20400000090G048     ,CURVA A SALDARE 90째  D.48               ,-12.000
1    ,20400000090G060     ,CURVA A SALDARE 90째  D.60               ,-2.000
1    ,20400000090G076     ,CURVA A SALDARE 90째  D.76               ,-2.000
1    ,204000ME640903N     ,MAB NERO COMPLETO ART.DC564P            ,-1.000
1    ,2060003561001       ,DADO CIECO ALTO ZINCATO MM.10           ,-100.000
1    ,206000356801        ,DADO CIECO ALTO ZINCATO MM.08           ,-50.000
1    ,206000NF0053000     ,CONTROPIASTRA 2FORI X SERRAT.DOPP-38022 ,-11.000
1    ,210/40              ,PENNELLESSA ADAM NR 40                  ,-3.000
1    ,21001001            ,DILUENTE MONTANA NORMALE 1001 LT.1 ACQUA,-1.000
1    ,21002146312001      ,VITE AUTOFOR. T.E. ZNC 6.3X120          ,-170.000
1    ,21003003            ,DILUENTE SINTETICO AD ARIA 3003 LT.5    ,-1.000
1    ,2100501401609       ,RIVETTO ALMG3.5 4X16 SS                 ,-500.000
1    ,21012126391601S     ,VITE AUTOFOR. 3.9X16 ZNC                ,-1000.000
1    ,21012126483201      ,VITE AUTOFOR. TPS T+ZN 4.8X32           ,-10.000
1    ,21019200615001      ,VITI LEGNO T.E. C/COLLARE ZNC 6X150     ,-400.000
1    ,21019200616001      ,VITI LEGNO T.E. C/COLLARE ZNC 6X160     ,-100.000
1    ,2110000000002.5     ,ELETTRODO 2.5 SIDERARCO                 ,-21.000
1    ,2126423201          ,VITE AUTOFOR. TPS T+ZNC 4.2X32          ,-10.000
1    ,2126483801          ,VITE AUTOFOR. 4.8X38 ZNC                ,-6.000
1    ,213GS057-10         ,GUANTO CROSTA ANT.35 ROSSO LOGICA       ,-1.000
1    ,2140010/14SV1440    ,LAMA BI-ALFA COB. M42 1440X13X0.65 10/14,-2.000
1    ,214006/10SV2140     ,LAMA BI-ALFA COB. M42 2140X20X0.90 6/10Z,-1.000
1    ,214006/10SV2450     ,LAMA BI-ALFA COB. M42 2450X27X0.90 6/10Z,-2.000
1    ,214006/10SV2760     ,LAMA BI-ALFA COB. M42 2760X27X0.90 6/10Z,-2.000
1    ,214006/10SV2845     ,LAMA BI-ALFA COB. M42 2845X27X0.90 6/10Z,-2.000
1    ,21400F11152         ,VETRO TRASPARENTE 75X98 LVC000022       ,-32.000
1    ,214025390101601     ,FASCETTA STRINGITUBO UNIFIX 10X16 PZ.2  ,-2.000
1    ,21405201401         ,"MORSETTO PER FUNI ZNC 1/4""              ",-3.000
1    ,21409908002201      ,CATENA GENOVESE ZINCATA B. DIAM. 2.2MM M,-6.000
1    ,2140MKT0GA9020      ,SMERIGLIATRICE ANGOLARE 230MM 2200W     ,-2.000
1    ,2143954802          ,GOLFARI FEMMINA IN ACCIAIO ZINCATO MM08 ,-7.000
1    ,2146311001          ,VITE AUTOFOR. T.E. ZNC 6.3X110          ,-20.000
1    ,2146314001          ,VITE AUTOFOR. T.E. ZNC 6.3X140          ,-250.000
1    ,2146315001          ,VITE AUTOFOR. T.E. ZNC 6.3X150          ,-50.000
1    ,214632201           ,VITE AUTOFOR. T.E. ZNC 6.3X22           ,-1000.000
1    ,214633201           ,VITE AUTOFOR. T.E. ZNC 6.3X32           ,-210.000
1    ,214638001           ,VITE AUTOFOR. T.E. ZNC 6.3X80           ,-100.000
1    ,2150094             ,MOTORBLACK GUARNIZ. SILICONICA NERA AREX,-2.000
1    ,21R-10              ,GUANTO CROSTA GROPP.RINF CE C/MANICHETTA,-10.000
1    ,2240                ,2240 LUCC. ARCO MM.40 OTTONE IBFM       ,-1.000
1    ,2300/CS30+30        ,2300/CS CILINDRO MM.60 30+30 CR/SAT     ,-1.000
1    ,290411105           ,SYNTOX ANTIRUGGINE GRIGIA LT.0.5        ,-2.000
1    ,29101119            ,ZINCOSYNT-FONDO GRIGIO 2.5 KG           ,-1.000
1    ,2C0000011648115     ,CERNIERA A GOCCIA MM.150 GREZZA  498-150,-64.000
1    ,2C0011606520        ,CERNIERA 2ALI MM.200 PESANTE A TAPPO 425,-20.000
1    ,330                 ,CARRELLO FISSO 2 CUSC. MM 24            ,-25.000
1    ,331024              ,CARRELLO FISSO 4 CUSC. MM.24            ,-11.000
1    ,360050              ,RUOTA 1CUSC. C/BULLONE DIAM. 50 G/V     ,-4.000
1    ,361060              ,RUOTA 1CUSC. C/BULLONE DIAM. 60 G/T     ,-8.000
1    ,36150               ,ART.36 CATENACCI PORTALUCCHETTO MM.150  ,-2.000
1    ,362160              ,RUOTA 2CUSC. C/BULLONE DIAM. 160 G/V    ,-2.000
1    ,363100              ,RUOTA 2CUSC. C/BULLONE DIAM. 100 G/T    ,-4.000
1    ,363140              ,RUOTA 2CUSC. C/BULLONE DIAM. 140 G/T 363,-2.000
1    ,3700101501          ,DADO AUTOBLOCC. ALTO ZNC M10X1.5        ,-50.000
1    ,370014201           ,DADO AUTOBLOCC. ALTO ZNC M14X2          ,-300.000
1    ,37002025            ,DADO AUTOBLOCC. ALTO ZNC M20X2.5        ,-50.000
1    ,38200               ,CATENACCIO MM.200 PORTALUCCHETTO ZNC 38 ,-1.000
1    ,38300               ,CATENACCIO MM.300 PORTALUCCHETTO ZNC 38 ,-6.000
1    ,387140A             ,RUOTA C/PIASTRA DIAM.140 G/T ZINC 387/A ,-2.000
1    ,387L120             ,RUOTA C/PIASTRA DIAM.120 G/T ZINC 387/L ,-4.000
1    ,3AM01ROOXXXSMOT     ,M/MANIGLIA GOCCIA S/MOLLA OTTONE LUCIDA ,-4.000
1    ,3IT610100M1576P252N ,PLACCA LISCIA 6100X1000 P.25X2 M.15X76 G,-3.050
1    ,3IT610100M1576P403Z ,PLACCA LISCIA 6100X1000 P.40X3 M.15X76 Z,-3.000
1    ,3IT610100M2576P252G ,PLACCA LISCIA 6100X1000 P.25X2 M.25X76 G,-18.300
1    ,3PQ400100M1576P252T ,PLACCA DENTEL 4000X1000 P25X2 M15X76 ZNC,-4.000
1    ,400010000000060     ,CHIODI DA 16.60                         ,-1.000
1    ,4000100000ACCIAO    ,CHIODI IN ACCIAIO DA 5 FERRAPONTE KG 2.5,-1.000
1    ,401080              ,CERNIERA 2ALI MM.  80 P.SFILARE 401-80  ,-2.000
1    ,401120              ,CERNIERA 2ALI MM.120 P.SFILARE 401-120  ,-6.000
1    ,401140              ,CERNIERA 2ALI MM.140 P.SFILARE 401-140  ,-10.000
1    ,401170              ,CERNIERA 2ALI MM.170 P.SFILARE 401-170  ,-12.000
1    ,401200              ,CERNIERA 2ALI MM.200 P.SFILARE 401-200  ,-14.000
1    ,402120              ,CERNIERA 3ALI MM.120 P.SFILARE 402-120  ,-3.000
1    ,402170              ,CERNIERA 3ALI MM.170 P.SFILARE 402-170  ,-5.000
1    ,402200              ,CERNIERA 3ALI MM.200 P.SFILARE 402-200  ,-14.000
1    ,410070              ,PALETTO PER CANCELLO 70                 ,-2.000
1    ,412                 ,CRICCHETTO A COLPO PER SOPRALUCI MEDI 41,-2.000
1    ,412A                ,412/A PIASTRINE PER CRICCHETTI          ,-2.000
1    ,41312Z              ,CUSCINETTO ZINCATO A SFERA DIAM. 12     ,-3.000
1    ,41314Z              ,CUSCINETTO ZINCATO A SFERA DIAM. 14     ,-12.000
1    ,418                 ,PALETTO AUTOMATICO PER CANCELLI 2ANTE   ,-1.000
1    ,421024F             ,CATENACCIO A LEVA MM24 FERRO 421/F      ,-38.000
1    ,425024              ,CARDINE CANCELLO REGOL.24               ,-50.000
1    ,435035              ,435 MANIGLIE NERE PORTE METAL 35/50 C/VI,-2.000
1    ,444PZ               ,ANTISTRAPPO PER PORTE BLIND. C/FORO DIAM,-6.000
1    ,447                 ,SERRATURA A GANCIO CANCELLI SCORREVOLI  ,-1.000
1    ,51313615001         ,CF. 100PZ FASCETTA CABL. BIANCA 3.6X150 ,-10.000
1    ,54125001            ,LASER SPRAY 400ML SARATOGA              ,-4.000
1    ,5932080             ,COPRIPILASTRO PLASTICA 20X80            ,-100.000
1    ,5942030             ,COPRIPILASTRO PLASTICA 20X30            ,-8.000
1    ,596P028             ,PIEDINO DIAM.28 FILETTATO M.10  PLAST. 5,-100.000
1    ,596P035             ,PIEDINO DIAM.35 FILETTATO M.10  PLAST. 5,-400.000
1    ,598030              ,COPRIPILASTRO PLASTICA 30X30            ,-154.000
1    ,598050              ,COPRIPILASTRO PLASTICA 50X50            ,-14.000
1    ,599060              ,COPRIPILASTRO PLASTICA DIAM. 60         ,-20.000
1    ,6013-RT2.5          ,ELETTRODO RUTILICO BOHLER 6013 RT 2.5X30,-1.000
1    ,635N                ,FERMAPERSIANA AD OMETTO C/VITE 635/N    ,-1.000
1    ,66252834031         ,DISCO GRINDING FORZA PRO 115X1.0X22.2-T4,-33.000
1    ,66252834032         ,DISCO GRINDING FORZA PRO 115X1.6X22T41  ,-55.000
1    ,66252834033         ,DISCO GRINDING FORZA PRO 125X1.0X22.2-T4,-3.000
1    ,671NS               ,SPIONCINO 4L MM.14 50/100 NIC/SAT       ,-1.000
1    ,7214ELEW00          ,SERRATURA INFILARE TRIPLICE 3CH.36 1/2G.,-1.000
1    ,7521510             ,SERRATURA ISEO S/CIL.RU+MAN             ,-1.000
1    ,8099360N            ,SILICONE ZETA HOT 360 NERO ML280        ,-2.000
1    ,848070              ,CARDINE SUPERIORE DIAM.70 C/CUSC.REGOL  ,-3.000
1    ,849070              ,CARDINE INFERIORE DIAM.70 C/CUSC. REGOL ,-3.000
1    ,85421001            ,SILICONE 7X7 SERRAMENTI ML.300          ,-5.000
1    ,90620630201         ,"TASS.C/B. ""FXU"" 6X30 + VITE TPS 4.5X40 M",-100.000
1    ,90620840201         ,"TASS.C/B. ""FXU"" 8X40 + VITE TPS 5X50 MM ",-100.000
1    ,90650806001         ,"TASS. PROL.MEA ""MFR"" 8X60 + V.TPS TX    ",-50.000
1    ,90650808001         ,"TASS. PROL.MEA ""MFR"" 8X80 + V.TPS TX    ",-100.000
1    ,90650810001         ,"TASS. PROL.MEA ""MFR"" 8X100 + V.TPS TX   ",-50.000
1    ,90650812001         ,"TASS. PROL.MEA ""MFR"" 8X120 + V.TPS TX   ",-50.000
1    ,90651008001         ,"TASS. PROL.MEA ""MFR"" 10X80 + V.TPS TX   ",-110.000
1    ,90651010001         ,"TASS. PROL.MEA ""MFR"" 10X100 + V. TPS TX ",-20.000
1    ,90661011501         ,"TASS. PROL.MEA ""MFR"" SSKS 10X115 + V.COM",-10.000
1    ,97010006            ,PENNARELLO ROSSO SARATOGA               ,-1.000
1    ,97020010            ,PENNARELLO PUNTA FINE BIANCO SARATOGA   ,-1.000
1    ,9B58015             ,SERRATURA PER SERRANDA                  ,-1.000
1    ,A11F080M18C         ,DISCO FIBRA CORINDONE 115 A080 IMA      ,-10.000
1    ,AJ0410100           ,ANCORANTE IN ACCIAIO AJ 10X100/25       ,-40.000
1    ,AJ0412130           ,ANCORANTE IN ACCIAIO AJ 12X130/40       ,-25.000
1    ,ANGOLARE02003       ,ANGOLARE 20X03 S275                     ,-45.000
1    ,ANGOLARE02505       ,ANGOLARE 25X05 S275                     ,-286.000
1    ,ANGOLARE03003       ,ANGOLARE 30X03 S275                     ,-1459.000
1    ,ANGOLARE03004       ,ANGOLARE 30X04 S275                     ,-88.000
1    ,ANGOLARE03005       ,ANGOLARE 30X05 S275                     ,-1021.000
1    ,ANGOLARE03504       ,ANGOLARE 35X04 S275                     ,-39.000
1    ,ANGOLARE03505       ,ANGOLARE 35X05 S275                     ,-128.000
1    ,ANGOLARE03506       ,ANGOLARE 35X06 S275                     ,-119.000
1    ,ANGOLARE04003       ,ANGOLARE 40X03 S275                     ,-30.000
1    ,ANGOLARE04004       ,ANGOLARE 40X04 S275                     ,-645.000
1    ,ANGOLARE04005       ,ANGOLARE 40X05 S275                     ,-360.000
1    ,ANGOLARE04006       ,ANGOLARE 40X06 S275                     ,-660.000
1    ,ANGOLARE05005       ,ANGOLARE 50X05 S275                     ,-46.000
1    ,ANGOLARE06005       ,ANGOLARE 60X05 S275                     ,-2828.000
1    ,ANGOLARE06006       ,ANGOLARE 60X06 S275                     ,-264.000
1    ,ANGOLARE08006       ,ANGOLARE 80X06 S275                     ,-45.000
1    ,ANGOLARE08010       ,ANGOLARE 80X10 S275                     ,-288.000
1    ,ANGOLARE10008       ,ANGOLARE 100X08 S275                    ,-2.000
1    ,AVO10380            ,RUOTA 80 SUP. MED.GIR. FR. ANT.G. NORM. ,-2.000
1    ,AVO118BIS80X30      ,RUOTA 80X30 SUP. MED. GIREV RUO. NYLON F,-2.000
1    ,AVO118SANT80X30     ,RUOTA 80X30 SUP. MED.GIR. FR. ANT. RUO. ,-2.000
1    ,AVO8080             ,RUOTA 80 SUP.MED. GIR. GOMMA NERA C/BOCC,-2.000
1    ,AVO80SE150          ,RUOTA 150 SUP.SE. GIR. GOMMA NERA C/BOCC,-1.000
1    ,AVOENSC23560        ,RUOTA NYL. DES. ARAN. ZN C/PIAS         ,-8.000
1    ,B-58110             ,PUNTA SDS PLUS NEMESIS2 8X215           ,-2.000
1    ,B-58338             ,PUNTA SDS PLUS NEMESIS2 12X210          ,-2.000
1    ,BC10423 41          ,SCARPA ANTINFORTUNISTICA CROCODILE S3 SR,-1.000
1    ,BE0110135           ,TASSELLO NYLON BE 10X135                ,-20.000
1    ,BOEHLERF.1.2KG18    ,BOBINA BOHLER SG2-QG3 1.2MM KG18        ,-1.000
1    ,BULLONE100120       ,TE DIN 933 ZNC 8.8 10X120               ,-120.000
1    ,BULLONE120040       ,TE DIN 933 ZNC 8.8 12X40                ,-100.000
1    ,BULLONE120050       ,TE DIN 933 ZNC 8.8 12X50                ,-200.000
1    ,BULLONE140040       ,TE DIN 933 ZNC 8.8 14X40                ,-200.000
1    ,BULLONE140050       ,TE DIN 933 ZNC 8.8 14X50                ,-100.000
1    ,BULLONE140060       ,TE DIN 933 ZNC 8.8 14X60                ,-50.000
1    ,BULLONE160060       ,TE DIN 933 ZNC 8.8 16X60                ,-80.000
1    ,C10V015P6EO2        ,ARCWELD AS2 1.0X0015XS300               ,-2.000
1    ,CAP25RS             ,CAPPELLOTTO EPDM GRECA 25 ROSSO SIENA   ,-220.000
1    ,CAPGA               ,CAPPELLOTTO PER COPPO GRIGIO ANT RAL7016,-250.000
1    ,CAPRM               ,CAPPELLOTTO PER COPPO ROSSO MATTONE     ,-470.000
1    ,CC3000RC            ,COLMO A CERN. R/COPPO 0.6 PASSO 200 MT 3,-24.000
1    ,CC415               ,COLMO LISCIO A CERNIERA RC 0.6 SV313 ML3,-10.000
1    ,DUCK/HV-10          ,GUANTO SCHIUMA LATTICE SUPER TG.10      ,-12.000
1    ,EA0304              ,MOLLA BLOCCA UGELLO PLUS 25             ,-2.000
1    ,ELLE05004005        ,FERRO AD ELLE 50X40X5 S275              ,-1260.000
1    ,ELLE06003005        ,FERRO AD ELLE 60X30X5 S275              ,-21.000
1    ,ELLE06003006        ,FERRO AD ELLE 60X30X6 S275              ,-24.000
1    ,ELLE12006010        ,FERRO AD ELLE 120X60X10 S275            ,-486.000
1    ,F10002              ,SCHERMO PIANO IN FIBRA 75X98 MSC000032  ,-3.000
1    ,F11164.10           ,VETRO INATTINICO 75X98 DIN 10 LVC000002 ,-18.000
1    ,F300272774          ,CILINDRO ISEO OVALE OTT. 27X27 X SERR. 7,-1.000
1    ,FE0890              ,FILO PLASTIFICATO PER TENSIONE N.17     ,-25.000
1    ,FERROT020020040     ,FERRO A T 20X20X4 S275                  ,-7.000
1    ,FERROT025025045     ,FERRO A T 25X25X4.5 S275                ,-60.000
1    ,FERROT030030040     ,FERRO A T 30X30X4 S275                  ,-22.000
1    ,FERROT035035055     ,FERRO A T 35X35X5.5 S275                ,-425.000
1    ,FERROT040040060     ,FERRO A T 40X40X6 S275                  ,-106.000
1    ,FERROT050050060     ,FERRO A T 50X50X6 S275                  ,-135.000
1    ,FERROU050025005     ,PROFILATI A U 50X25X5 S275              ,-72.000
1    ,FG111/A             ,CASSETTA PORTA UTENSILI 3 SCOMPARTI     ,-1.000
1    ,FLEXYN3/S-TG09      ,GUANTO POLIURETANO NERO STRIKE TG 09    ,-6.000
1    ,FS0100050           ,RONDELLA NYLON BIANCO NAT D50 C/GUARN   ,-10.000
1    ,FU187BC-S           ,GIUBBOTTO SPACE BLACK CARBON            ,-1.000
1    ,FU187BC-XL          ,GIUBBOTTO SPACE BLACK CARBON            ,-1.000
1    ,G85208001           ,SCHIUMARAPIDA MANUALE SARATOGA 750ML    ,-1.000
1    ,GAL1COBRZSP03       ,POLIC. COMPATTO BRONZO 2050X6100 SP. 03 ,-12.505
1    ,GAL1COBRZSP04       ,POLIC. COMPATTO BRONZO 2050X6100 SP. 04 ,-18.758
1    ,GAL1COOPASP04       ,POLIC. COMPATTO OPALE 2050X6100 SP. 04  ,-6.252
1    ,GAL1COOPASP06       ,POLIC. COMPATTO OPALE 2050X6100 SP. 06  ,-18.750
1    ,GAL1COTRASP03       ,POLIC. COMPATTO TRASP. 2050X6100 SP. 03 ,-12.505
1    ,GAL1COTRASP04       ,POLIC. COMPATTO TRASP. 2050X6100 SP. 04 ,-18.755
1    ,GAL1COTRASP5        ,POLIC. COMPATTO TRASP. 2050X6100 SP. 05 ,-59.743
1    ,GALALVTRASP06       ,POLIC. ALVEOLARE TRASP. 2100X6000 SP. 06,-81.900
1    ,GALALVTRASP10       ,POLIC. ALVEOLARE TRASP. 2100X6000 SP. 10,-8.350
1    ,GRECATA06Z03        ,LAMIERA GRECATA ZINCATA 6/10 ML 3       ,-36.000
1    ,GRECATA06Z04        ,LAMIERA GRECATA ZINCATA 6/10 ML 4       ,-48.000
1    ,GRECATA06Z07        ,LAMIERA GRECATA ZINCATA 6/10 ML 7       ,-42.000
1    ,GRECATAPREVVM006    ,GRECATA PREVERNICIATA VM/BG RAL 6005 MT6,-36.000
1    ,GRECATAPREVVM007    ,GRECATA PREVERNICIATA VM/BG RAL 6005 MT7,-42.000
1    ,HB500               ,TRAPANO BASA MAGNETICA 1150W            ,-1.000
1    ,HEA100              ,TRAVE HEA DA 100 S275 ML 12             ,-1168.800
1    ,HEA10006            ,TRAVE HEA DA 100 S275 ML 6              ,-200.400
1    ,HEA120              ,TRAVE HEA DA 120 S275 ML 12             ,-836.000
1    ,HEA12006            ,TRAVE HEA DA 120 S275 ML 6              ,-120.000
1    ,HEA140              ,TRAVE HEA DA 140 S275 ML 12             ,-296.400
1    ,HEA160              ,TRAVE HEA DA 160 S275 ML 12             ,-1095.000
1    ,HEA180              ,TRAVE HEA DA 180 S275 ML 12             ,-89.000
1    ,HEB100              ,TRAVE HEB DA 100 S275 ML 12             ,-244.000
1    ,HEB140              ,TRAVE HEB DA 140 S275 ML 12             ,-4247.000
1    ,HM1317C             ,DEMOLITORE ESAGONALE AVT 17KG MAKITA    ,-1.000
1    ,IBFM00000331044     ,CARRELLO FISSO 4 CUSC. MM 44            ,-39.000
1    ,IBFM00000400170     ,CERNIERA A TAPPO DA 170                 ,-12.000
1    ,IPE08006            ,TRAVE IPE DA 80 S275 ML 6               ,-612.000
1    ,IPE100              ,TRAVE IPE DA 100 S275 ML 12             ,-97.200
1    ,IPE10006            ,TRAVE IPE DA 100 S275 ML 6              ,-607.500
1    ,IPE120              ,TRAVE IPE DA 120 S275 ML 12             ,-3124.800
1    ,IPE140              ,TRAVE IPE DA 140 S275 ML 12             ,-711.000
1    ,IPE160              ,TRAVE IPE DA 160 S275 ML 12             ,-2096.000
1    ,IPE180              ,TRAVE IPE DA 180 S275 ML 12             ,-902.400
1    ,IPE200              ,TRAVE IPE DA 200 S275 ML 12             ,-808.000
1    ,IPE300              ,TRAVE IPE DA 300 S275 ML 12             ,-506.400
1    ,IPE30099            ,TRAVE IPE DA 300 S275 VARIE MISURE      ,-1.000
1    ,LAMBN1000200020     ,LAMIERA BUGNATA NERA 1000X2000X20/10    ,-222.000
1    ,LAMBN1000200025     ,LAMIERA BUGNATA NERA 1000X2000X25/10    ,-225.000
1    ,LAMBN1250250020     ,LAMIERA BUGNATA NERA 1250X2500X20/10    ,-57.000
1    ,LAMBN125250030      ,LAMIERA BUGNATA NERA 1250X2500X30/10    ,-410.000
1    ,LAMBN1500300030     ,LAMIERA BUGNATA NERA 1500X3000X30/10    ,-118.000
1    ,LAMBZ1000200020     ,LAMIERA BUGNATA ZNC. 1000X2000X20/10    ,-74.000
1    ,LAMBZ1000200030     ,LAMIERA BUGNATA ZNC. 1000X2000X30/10    ,-160.000
1    ,LAMBZ1250250030     ,LAMIERA BUGNATA ZNC. 1250X2500X30/10    ,-328.000
1    ,LAMD1000200015      ,LAMIERA DECAPATA 1000X2000X15/10        ,-816.000
1    ,LAMD1000200020      ,LAMIERA DECAPATA 1000X2000X20/10        ,-640.000
1    ,LAMD1250250015      ,LAMIERA DECAPATA 1250X2500X15/10        ,-100.000
1    ,LAMD1500300025      ,LAMIERA DECAPATA 1500X3000X25/10        ,-445.000
1    ,LAMD1500300030      ,LAMIERA DECAPATA 1500X3000X30/10        ,-530.000
1    ,LAMN10002000120     ,LAMIERA NERA 1000X2000X120/10 S235JR    ,-378.000
1    ,LAMN1000200015      ,LAMIERA NERA 1000X2000X15/10 S235JR     ,-120.000
1    ,LAMN1000200020      ,LAMIERA NERA 1000X2000X20/10 S235JR     ,-416.000
1    ,LAMN1000200030      ,LAMIERA NERA 1000X2000X30/10 S235JR     ,-288.000
1    ,LAMN1000200040      ,LAMIERA NERA 1000X2000X40/10 S235JR     ,-189.000
1    ,LAMN1000200050      ,LAMIERA NERA 1000X2000X50/10 S235JR     ,-160.000
1    ,LAMN1250250020      ,LAMIERA NERA 1250X2500X20/10 S235JR     ,-253.000
1    ,LAMN1250250025      ,LAMIERA NERA 1250X2500X25/10 S235JR     ,-248.000
1    ,LAMN1250250030      ,LAMIERA NERA 1250X2500X30/10 S235JR     ,-1110.000
1    ,LAMN1250250040      ,LAMIERA NERA 1250X2500X40/10 S235JR     ,-99.000
1    ,LAMN1250250050      ,LAMIERA NERA 1250X2500X50/10 S235JR     ,-246.000
1    ,LAMN1250250060      ,LAMIERA NERA 1250X2500X60/10 S235JR     ,-2368.000
1    ,LAMN1500300015      ,LAMIERA NERA 1500X3000X15/10 S235JR     ,-265.000
1    ,LAMN1500300020      ,LAMIERA NERA 1500X3000X20/10 S235JR     ,-852.000
1    ,LAMN1500300040      ,LAMIERA NERA 1500X3000X40/10 S235JR     ,-2556.000
1    ,LAMN1500300050      ,LAMIERA NERA 1500X3000X50/10 S235JR     ,-885.000
1    ,LAMN1500300080      ,LAMIERA NERA 1500X3000X80/10 S235JR     ,-849.000
1    ,LAMN3551500300040   ,LAMIERA NERA 1500X3000X40/10 S355J2     ,-141.300
1    ,LAMNFORO1010020015  ,LAMIERA FORATA 1000X2000X15/10 F.10 NERO,-5.000
1    ,LAMZ1000200010      ,LAMIERA ZINCATA 1000X2000X10/10         ,-16.000
1    ,LAMZ1000200012      ,LAMIERA ZINCATA 1000X2000X12/10         ,-171.000
1    ,LAMZ1000200012.5    ,LAMIERA ZINCATA 1000X2000X12.5/10       ,-200.000
1    ,LAMZ1000200015      ,LAMIERA ZINCATA 1000X2000X15/10         ,-476.640
1    ,LAMZ1000200020      ,LAMIERA ZINCATA 1000X2000X20/10         ,-879.800
1    ,LAMZ1000200025      ,LAMIERA ZINCATA 1000X2000X25/10         ,-39.240
1    ,LAMZ1000200030      ,LAMIERA ZINCATA 1000X2000X30/10         ,-553.000
1    ,LAMZ1250250010      ,LAMIERA ZINCATA 1250X2500X10/10         ,-150.000
1    ,LAMZ1250250015      ,LAMIERA ZINCATA 1250X2500X15/10         ,-1554.000
1    ,LAMZ1250250020      ,LAMIERA ZINCATA 1250X2500X20/10         ,-1100.000
1    ,LAMZ1250250030      ,LAMIERA ZINCATA 1250X2500X30/10         ,-148.000
1    ,LAMZ1500300008      ,LAMIERA ZINCATA 1500X3000X08/10         ,-464.000
1    ,LAMZ1500300010      ,LAMIERA ZINCATA 1500X3000X10/10         ,-36.000
1    ,LAMZ1500300015      ,LAMIERA ZINCATA 1500X3000X15/10         ,-3454.000
1    ,LAMZ1500300020      ,LAMIERA ZINCATA 1500X3000X20/10         ,-923.000
1    ,LAMZ1500300025      ,LAMIERA ZINCATA 1500X3000X25/10         ,-89.000
1    ,LAMZ1500300030      ,LAMIERA ZINCATA 1500X3000X30/10         ,-50.000
1    ,LAMZFORO1010020015  ,LAMIERA FORATA 1000X2000X15/10 F.10 ZNC ,-1.000
1    ,LAMZFORO1012525015  ,LAMIERA FORATA 1250X2500X15/10 F.10 ZNC ,-7.000
1    ,LAMZFORO1012525020  ,LAMIERA FORATA 1250X2500X20/10 F.10 ZNC ,-2.000
1    ,LVE000231           ,LASTRINA PROTEZ. ESTERNA P850/P950/KAIMA,-1.000
1    ,LZ0110100           ,TASSELLO IN LAMIERA LZ 10X100           ,-44.000
1    ,LZ0110120           ,TASSELLO IN LAMIERA LZ 10X120           ,-10.000
1    ,LZ0112100           ,TASSELLO IN LAMIERA LZ 12X100           ,-4.000
1    ,LZ0112120           ,TASSELLO IN LAMIERA LZ 12X120           ,-4.000
1    ,MC0023              ,UGELLO FORO 15 PLUS 25                  ,-2.000
1    ,MCB1573206X40       ,BULLONE T.T.Q.S.T.D.E. ZNC 06X40        ,-8.000
1    ,MCB1573208X40       ,BULLONE T.T.Q.S.T.D.E. ZNC 08X40        ,-50.000
1    ,MCB1573210X60       ,BULLONE T.T.Q.S.T.D.E. ZNC 10X60        ,-20.000
1    ,MCB1573210X80       ,BULLONE T.T.Q.S.T.D.E. ZNC 10X80        ,-106.000
1    ,MD0009-08           ,PUNTA 0.8/M6                            ,-20.000
1    ,ME0016              ,DIFFUSORE PLUS 25                       ,-2.000
1    ,MR1Z057             ,MONOROTAIA ZNC. MR1 B.57                ,-300.000
1    ,MR2N042             ,MONOROTAIA MR2 B.42                     ,-120.000
1    ,MR2Z042             ,MONOROTAIA ZNC. MR2 B.42                ,-100.000
1    ,MR3Z033             ,MONOROTAIA ZNC. MR3 B.34                ,-143.000
1    ,MRS000028           ,MORSETTO NEVADA 3 CE                    ,-1.000
1    ,NET00003            ,PASTA LAVAMANI LINEA PIU' 5000 ML NETTUN,-1.000
1    ,NET00320            ,LAVAMANI MACROCREAM T-BOX 3000 ML NETTUN,-1.000
1    ,NITRA-NEOTG9        ,GUANTO COFRA POLY/NITRILE NITRA-NEO TG9 ,-12.000
1    ,OMEGAZ30605002      ,OMEGA ZNC. 30X60X50X2                   ,-1640.000
1    ,P-04949             ,LAMA 200-24 (5 PZ) X JR3000/V           ,-1.000
1    ,P-48882             ,CHIAVE ESAGONALE DIN 7424 10-65         ,-1.000
1    ,PD0063-12           ,CAPPA D.1.2 PROLUNGATA CB50-70          ,-10.000
1    ,PE0007              ,DIFFUSORE HY MAX40 CB50-70              ,-2.000
1    ,PIATTO01003         ,FERRO PIATTO 10X03 S275                 ,-119.100
1    ,PIATTO01006         ,FERRO PIATTO 10X06 S275                 ,-87.490
1    ,PIATTO01203         ,FERRO PIATTO 12X03 S275                 ,-139.700
1    ,PIATTO01206         ,FERRO PIATTO 12X06 S275                 ,-60.800
1    ,PIATTO01403         ,FERRO PIATTO 14X03 S275                 ,-29.800
1    ,PIATTO01406         ,FERRO PIATTO 14X06 S275                 ,-1.000
1    ,PIATTO01408         ,FERRO PIATTO 14X08 S275                 ,-32.370
1    ,PIATTO01503         ,FERRO PIATTO 15X03 S275                 ,-36.000
1    ,PIATTO01504         ,FERRO PIATTO 15X04 S275                 ,-4.000
1    ,PIATTO01506         ,FERRO PIATTO 15X06 S275                 ,-1.000
1    ,PIATTO01603         ,FERRO PIATTO 16X03 S275                 ,-2.000
1    ,PIATTO01604         ,FERRO PIATTO 16X04 S275                 ,-8.200
1    ,PIATTO01605         ,FERRO PIATTO 16X05 S275                 ,-1.000
1    ,PIATTO02003         ,FERRO PIATTO 20X03 S275                 ,-96.000
1    ,PIATTO02004         ,FERRO PIATTO 20X04 S275                 ,-24.000
1    ,PIATTO02005         ,FERRO PIATTO 20X05 S275                 ,-65.000
1    ,PIATTO02006         ,FERRO PIATTO 20X06 S275                 ,-164.000
1    ,PIATTO02008         ,FERRO PIATTO 20X08 S275                 ,-38.000
1    ,PIATTO02010         ,FERRO PIATTO 20X10 S275                 ,-727.000
1    ,PIATTO02503         ,FERRO PIATTO 25X03 S275                 ,-4.000
1    ,PIATTO02508         ,FERRO PIATTO 25X08 S275                 ,-150.000
1    ,PIATTO03003         ,FERRO PIATTO 30X03 S275                 ,-16.000
1    ,PIATTO03004         ,FERRO PIATTO 30X04 S275                 ,-108.000
1    ,PIATTO03005         ,FERRO PIATTO 30X05 S275                 ,-344.000
1    ,PIATTO03006         ,FERRO PIATTO 30X06 S275                 ,-135.000
1    ,PIATTO03008         ,FERRO PIATTO 30X08 S275                 ,-1048.000
1    ,PIATTO03010         ,FERRO PIATTO 30X10 S275                 ,-915.000
1    ,PIATTO03015         ,FERRO PIATTO 30X15 S275                 ,-1100.000
1    ,PIATTO03020         ,FERRO PIATTO 30X20 S275                 ,-314.000
1    ,PIATTO03506         ,FERRO PIATTO 35X06 S275                 ,-11.000
1    ,PIATTO03515         ,FERRO PIATTO 35X15 S275                 ,-25.000
1    ,PIATTO04003         ,FERRO PIATTO 40X03 S275                 ,-6.000
1    ,PIATTO04004         ,FERRO PIATTO 40X04 S275                 ,-8.000
1    ,PIATTO04005         ,FERRO PIATTO 40X05 S275                 ,-88.000
1    ,PIATTO04006         ,FERRO PIATTO 40X06 S275                 ,-288.000
1    ,PIATTO04008         ,FERRO PIATTO 40X08 S275                 ,-819.000
1    ,PIATTO04010         ,FERRO PIATTO 40X10 S275                 ,-651.000
1    ,PIATTO04020         ,FERRO PIATTO 40X20 S275                 ,-114.000
1    ,PIATTO04030         ,FERRO PIATTO 40X30 S275                 ,100.000
1    ,PIATTO05003         ,FERRO PIATTO 50X03 S275                 ,-8.000
1    ,PIATTO05004         ,FERRO PIATTO 50X04 S275                 ,-70.000
1    ,PIATTO05005         ,FERRO PIATTO 50X05 S275                 ,-289.000
1    ,PIATTO05006         ,FERRO PIATTO 50X06 S275                 ,-1740.000
1    ,PIATTO05010         ,FERRO PIATTO 50X10 S275                 ,-174.000
1    ,PIATTO05020         ,FERRO PIATTO 50X20 S275                 ,-1.000
1    ,PIATTO06010         ,FERRO PIATTO 60X10 S275                 ,-522.000
1    ,PIATTO07006         ,FERRO PIATTO 70X06 S275                 ,-220.000
1    ,PIATTO07008         ,FERRO PIATTO 70X08 S275                 ,-27.000
1    ,PIATTO07010         ,FERRO PIATTO 70X10 S275                 ,-68.000
1    ,PIATTO08006         ,FERRO PIATTO 80X06 S275                 ,-92.000
1    ,PIATTO08008         ,FERRO PIATTO 80X08 S275                 ,-62.000
1    ,PIATTO10005         ,FERRO PIATTO 100X05 S275                ,-96.000
1    ,PIATTO10006         ,FERRO PIATTO 100X06 S275                ,-87.000
1    ,PIATTO10010         ,FERRO PIATTO 100X10 S275                ,-690.000
1    ,PIATTO10015         ,FERRO PIATTO 100X15 S275                ,-142.000
1    ,PIATTO12006         ,FERRO PIATTO 120X06 S275                ,-136.000
1    ,PIATTO12008         ,FERRO PIATTO 120X08 S275                ,-46.000
1    ,PIATTO12015         ,FERRO PIATTO 120X15 S275                ,-85.000
1    ,PIATTO15006         ,FERRO PIATTO 150X06 S275                ,-129.000
1    ,PIATTO15008         ,FERRO PIATTO 150X08 S275                ,-57.000
1    ,PIATTO15010         ,FERRO PIATTO 150X10 S275                ,-71.000
1    ,PIATTO15015         ,FERRO PIATTO 150X15 S275                ,-321.000
1    ,PIATTO16010         ,FERRO PIATTO 160X10 S275                ,-76.000
1    ,PIATTO30010         ,FERRO PIATTO 300X10 S275                ,-576.000
1    ,PIATTO30015         ,FERRO PIATTO 300X15 S275                ,-348.000
1    ,PILLARTG9           ,GUANTO COFRA PILLAR CROSTA BOVINA TG.9  ,-1.000
1    ,PLINTI600200140     ,PLINTINO IN CLS   ED0026                ,-50.000
1    ,PQ1000P             ,PIANTANA P.60X07 H. 1025 C/PIAS. ZNC    ,-11.000
1    ,PQ1460C             ,PIANTANA P.60X07 H. 1760 ANNEGARE ZNC   ,-4.000
1    ,PR0064              ,ELETTRODO PROLUNGATO HF PER CB70        ,-10.000
1    ,PROFINPIASTRA       ,PIASTRA A MISURA                        ,-130.000
1    ,PROFINPIASTRACF     ,PIASTRA A MISURA CON FORI               ,-2482.000
1    ,PT1720P             ,PIANTANA P.60X07 H. 1808 C/PIAS. ZNC    ,-19.000
1    ,PUNT.10X260         ,PUNTA ATT. SDS PLUS 4 10X260 INECO      ,-1.000
1    ,PUNT.6X210          ,PUNTA ATT. SDS PLUS 4 6X210 INECO       ,-1.000
1    ,PUNT.8X160          ,PUNTA ATT. SDS PLUS 4 8X160 INECO       ,-1.000
1    ,PUNT.8X210          ,PUNTA ATT. SDS PLUS 4 8X210 INECO       ,-2.000
1    ,QUADRO12            ,FERRO QUADRO DA 12 S275                 ,-2308.000
1    ,QUADRO14            ,FERRO QUADRO DA 14 S275                 ,-430.000
1    ,QUADRO20            ,FERRO QUADRO DA 20 S275                 ,-570.000
1    ,QUADRO30            ,FERRO QUADRO DA 30 S275                 ,-344.000
1    ,RBCOC3060YAXOL01SN  ,BOC OVALE CV 30X60 YALE L01 + PLS       ,-10.000
1    ,REMOVIE34502000     ,PANNELLO MOBILE ZNC mis. 320x200        ,-50.000
1    ,RETECA30001005      ,RETE ELET. C.A. 200X300 MAG.10X10 F.5   ,-3693.980
1    ,RETECA30001006      ,RETE ELET. C.A. 200X300 MAG.10X10 F.6   ,-1998.000
1    ,RETECA30001008      ,RETE ELET. C.A. 200X300 MAG.10X10 F.8   ,-94.800
1    ,RETECA30001505      ,RETE ELET. C.A. 200X300 MAG.15X15 F.5   ,-454.050
1    ,RETECA30001506      ,RETE ELET. C.A. 200X300 MAG.15X15 F.6   ,-1288.600
1    ,RETECA30002005      ,RETE ELET. C.A. 200X300 MAG.20X20 F.5   ,-2366.720
1    ,RETECA30002006      ,RETE ELET. C.A. 200X300 MAG.20X20 F.6   ,-727.720
1    ,RETECA30002008      ,RETE ELET. C.A. 200X300 MAG.20X20 F.8   ,-11022.000
1    ,RETECA30010105ZNC   ,RETE ELET. C.A. 200X300 MAG.10X10 F.5 ZN,-406.560
1    ,RI21096-45          ,SCARPA ANTINF. NAIROBI ESD S1P SRC      ,-1.000
1    ,RL10174 43          ,SCARPA ANTINFORTUNISTICA HUMMER S3 CI SR,-3.000
1    ,RL10174 44          ,SCARPA ANTINFORTUNISTICA HUMMER S3 CI SR,-1.000
1    ,RL20174-40          ,SCARPA ANTINFORTUNISTICA YODA S3 CI SRC ,-1.000
1    ,RL20174-41          ,SCARPA ANTINFORTUNISTICA YODA S3 CI SRC ,-1.000
1    ,RL20174-42          ,SCARPA ANTINFORTUNISTICA YODA S3 CI SRC ,-3.000
1    ,ROCCHETT08          ,TONDO NERV. C.A. MM. 08 ROCCHETTI       ,-3540.000
1    ,ROCCHETT10          ,TONDO NERV. C.A. MM. 10 ROCCHETTI       ,-3694.617
1    ,ROCCHETT14          ,TONDO NERV. C.A. MM. 14 ROCCHETTI       ,-1000.000
1    ,ROSI1820            ,ADATTATORE INDSP16A 2P 6H IP44 PR SHUKO ,-1.000
1    ,ROSI1864            ,ADATTATORE SPINA CEE 2P+T 2PR BIP220-2  ,-1.000
1    ,ROSI78150           ,ADATTATORE EMILIA 16A 250VBI            ,-1.000
1    ,ROSI96003           ,PRESA SCHUKO MOBILE 16A 2P+T 250V BI SFU,-1.000
1    ,ROSI98109           ,PRESA MOBILE NEW DESIGN 10/ 16 2P+T 250V,-1.000
1    ,RTONDN012012023     ,RETE ONDULATA 1X2 FORO 12 FILO 2.3 NERA ,-10.000
1    ,RTONDN020020030     ,RETE ONDULATA 1X2 FORO 20 FILO 3.0 NERA ,-10.000
1    ,RTONDZ010010020     ,RETE ONDULATA 1X2 FORO 10 FILO 2.0 ZNC  ,-8.600
1    ,RTONDZ012012023     ,RETE ONDULATA 1X2 FORO 12 FILO 2.3 ZNC  ,-9.600
1    ,RTONDZ030030035     ,RETE ONDULATA 1X2 FORO 30 FILO 3.5 ZNC  ,-19.200
1    ,RV20014-41          ,SCARPA ANTINF. MATT ESD S3 CI SRC       ,-1.000
1    ,RV20014-42          ,SCARPA ANTINF. MATT ESD S3 CI SRC       ,-1.000
1    ,SECONDA1            ,TUB.SECONDA SCELTA - LOTTO N1           ,-3.000
1    ,SFDIV17780          ,OLIO EMULSIONABILE EMULSIOL-2 LAVORAZION,-1.000
1    ,SOLAIOEGBS280558    ,LAMIERA SOLAIO 8/10 H.55 S280 ML 4      ,-175.896
1    ,SOLAIOEGBS28055805  ,LAMIERA SOLAIO 8/10 H.55 S280 ML 5      ,-408.330
1    ,SOLAIOEGBS28055806  ,LAMIERA SOLAIO 8/10 H.55 S280 ML 6      ,-2789.800
1    ,SOLAIOEGBS28055807  ,LAMIERA SOLAIO 8/10 H.55 S280 ML 7      ,-263.880
1    ,SOLAIOEGBS28075806  ,LAMIERA SOLAIO 8/10 H.75 S280 ML 6      ,-76.000
1    ,SPRAY144008         ,SILICONE FREE RIMUOVI - SILICONE CATRAME,-1.000
1    ,SPRAY144183         ,ZINC 211 ZINCANTE CHIARO SPRAY 400 ML   ,-3.000
1    ,ST150GJ-2XL         ,PANTALONE JAM GUADO JEANS               ,-2.000
1    ,STASTST1-70720      ,ORGANIZZATORE SORTMASTER LIGHT STANLEY  ,-1.000
1    ,STST1-80118         ,FODERO PORTA TRAPANO IN CUOIO           ,-1.000
1    ,STST1-80119         ,CINTURA IN CUOIO                        ,-1.000
1    ,SV40860             ,STRETTOIO FALEGNAME CM 50 SEZ 35X7      ,-1.000
1    ,t930021             ,TUBO ZNC. VM EN10255 1/2 (21.3)         ,-6.000
1    ,t930027             ,TUBO ZNC. VM EN10255 3/4 (26.9)         ,-6.000
1    ,TONDO006            ,TONDO LC DA 06 S275                     ,-32.000
1    ,TONDO008            ,TONDO LC DA 08 S275                     ,-30.000
1    ,TONDO010            ,TONDO LC DA 10 S275                     ,-368.000
1    ,TONDO012            ,TONDO LC DA 12 S275                     ,-726.000
1    ,TONDO014            ,TONDO LC DA 14 S275                     ,-1616.000
1    ,TONDO016            ,TONDO LC DA 16 S275                     ,-550.000
1    ,TONDO018            ,TONDO LC DA 18 S275                     ,-84.000
1    ,TONDO020            ,TONDO LC DA 20 S275                     ,-75.000
1    ,TONDO024            ,TONDO LC DA 24 S275                     ,-319.500
1    ,TONDO025            ,TONDO LC DA 25 S275                     ,-24.000
1    ,TONDO030            ,TONDO LC DA 30 S275                     ,-70.000
1    ,TONDOCA08           ,TONDO NERV. C.A. MM. 08                 ,-10242.300
1    ,TONDOCA10           ,TONDO NERV. C.A. MM. 10                 ,-5389.210
1    ,TONDOCA12           ,TONDO NERV. C.A. MM. 12                 ,-12760.120
1    ,TONDOCA14           ,TONDO NERV. C.A. MM. 14                 ,-35464.130
1    ,TONDOCA16           ,TONDO NERV. C.A. MM. 16                 ,-18669.890
1    ,TONDOCA18           ,TONDO NERV. C.A. MM. 18                 ,-7415.000
1    ,TONDOCA20           ,TONDO NERV. C.A. MM. 20                 ,-3100.000
1    ,TONDOCA24           ,TONDO NERV. C.A. MM. 24                 ,-1300.000
1    ,UNP065              ,FERRO UNP 65X42X5.5 S275                ,-2064.000
1    ,UNP080              ,FERRO UNP 80X45X6 S275                  ,-988.000
1    ,UNP100              ,FERRO UNP 100X50X6 S275 ML 12.00        ,-1081.200
1    ,UNP120              ,FERRO UNP 120X55X7 S275                 ,-2240.000
1    ,UNP160              ,FERRO UNP 160X65X7.5 S275               ,-120.000
1    ,UNP180              ,FERRO UNP 180X70X8 S275                 ,-45.000
1    ,UNP200              ,FERRO UNP 200X75X8.5 S275 ML 12.00      ,-607.600
1    ,UNP220              ,FERRO UNP 220X80X9 S275                 ,-619.500
1    ,UTI000064TRAF.      ,TEK ANTIADESIVO SPRAY 300ML/400GR       ,-26.000
1    ,UTI000066           ,WELDING PASTE PASTA ANTIADESIVA 375 ML  ,-1.000
1    ,WORKTOPSTG10        ,GUANTO COFRA WORKTOPS FIORE/CROSTA TG.10,-13.000
1    ,Y52X00600S2         ,SERR. INF. LEGNO DA INTERNO E60 BQ SN   ,-1.000
1    ,YZ6106060           ,TASSELLO NYLON MULT. T/FUNGO BG C/V 6X60,-50.000
1    ,Z08.025.ZF          ,FORATA TONDO 18 INT.160 ZNC A FREDDO    ,-37.000
1    ,Z11F040M20PM        ,DISCO LAM. MAGNUM ZIRC.115X22 Z040 BLU  ,-16.000
1    ,ZANG2004            ,ANGOLARE 20X04 ZNC A FREDDO ML.6000     ,-12.000
1    ,ZANG3005            ,ANGOLARE 30X05 ZNC A FREDDO ML.6000     ,-39.600
1    ,ZANG3505            ,ANGOLARE 35X05 ZNC A FREDDO ML.6000     ,-95.000
1    ,ZANG4005            ,ANGOLARE 40X05 ZNC A FREDDO ML.6000     ,-18.000
1    ,ZANG4505            ,ANGOLARE 45X05 ZNC A FREDDO ML.6000     ,-42.000
1    ,ZANG5005            ,ANGOLARE 50X05 ZNC A FREDDO ML.6000     ,-115.000
1    ,ZANG6005            ,ANGOLARE 60X05 ZNC A FREDDO ML.6000     ,-112.000
1    ,ZPIATTO2005         ,PIATTO 20X05 ZINCATO A FREDDO L.6000    ,-470.000
1    ,ZPIATTO3005         ,PIATTO 30X05 ZINCATO A FREDDO L.6000    ,-8.000
1    ,ZPIATTO3010         ,PIATTO 30X10 ZINCATO A FREDDO L.6000    ,-160.600
1    ,ZPIATTO4005         ,PIATTO 40X05 ZINCATO A FREDDO L.6000    ,-565.200
1    ,ZPIATTO5005         ,PIATTO 50X05 ZINCATO A FREDDO L.6000    ,-12.000
1    ,ZPIATTO6005         ,PIATTO 60X05 ZINCATO A FREDDO L.6000    ,-30.000
1    ,ZQUADRO14           ,QUADRO 14 ZNC A FREDDO ML. 6.00         ,-225.000
1    ,ZQUADRO30           ,QUADRO 30 ZNC A FREDDO ML. 6.00         ,-255.000
1    ,ZRL115X1.6          ,DISCO 115X1.6X22 INOX GOLD ZRLL         ,-12.000
1    ,ZRL115X6.4          ,DISCO 115X6.4X22 FERRO ZRLL             ,-21.000
1    ,ZRL115Z040          ,DISCO LAMELLARE ZIRC.115X22 Z040 BLU    ,-80.000
1    ,ZRL125X1.6          ,DISCO 125X1.6X22 FERRO GOLD ZRLL        ,-50.000
1    ,ZRL125X3.2          ,DISCO 125X3.2 FERRO GOLD ZRLL           ,-5.000
1    ,ZRL125X6.4          ,DISCO 125X6.4X22 FERRO ZRLL             ,-3.000
1    ,ZRL230X1.9          ,DISCO 230X1.9X22 INOX GOLD ZRLL         ,-170.000
1    ,ZRL230X6.5          ,DISCO 230X6.5 FERRO GOLD ZRLL           ,-5.000
1    ,ZT303004            ,T 30X30X04 ZNC A FREDDO ML.6000         ,-3401.600
1    ,ZTONDO08            ,TONDO LC 08 ZNC A FREDDO ML. 6.00       ,-22.500
1    ,ZTONDO10            ,TONDO LC 10 ZNC A FREDDO ML. 6.00       ,-16.000
1    ,ZTONDO14            ,TONDO LC 14 ZNC A FREDDO ML. 6.00       ,-57.600
1    ,ZTONDO16            ,TONDO LC 16 ZNC A FREDDO ML. 6.00       ,-115.200
1    ,ZTONDO18            ,TONDO LC 18 ZNC A FREDDO ML. 6.00       ,-180.000
